"id.exposure","id.outcome","method","nsnp","b","se","ci_low","ci_upp","pval","steiger_filtered","outlier_filtered"
"ebi-a-GCST002920","ukb-d-C_LYMPHOMA","Wald ratio",1,-0.00169249131513648,-0.00169249131513648,0.00162479166253102,-0.00500977429280397,0.5,FALSE,FALSE
"ebi-a-GCST002920","ukb-d-C_LYMPHOMA","Wald ratio",1,-0.00169249131513648,-0.00169249131513648,0.00162479166253102,-0.00500977429280397,0.5,FALSE,TRUE
"ebi-a-GCST002920","ukb-d-C_LYMPHOMA","Wald ratio",1,-0.00169249131513648,-0.00169249131513648,0.00162479166253102,-0.00500977429280397,0.5,TRUE,FALSE
"ebi-a-GCST002920","ukb-d-C_LYMPHOMA","Wald ratio",1,-0.00169249131513648,-0.00169249131513648,0.00162479166253102,-0.00500977429280397,0.5,TRUE,TRUE
